{
 "provenance": {
  "timestamp_utc": "2026-07-05T11:20:16.016134+00:00",
  "qmembench_version": "0.1.0",
  "python": "3.12.6",
  "platform": "Windows-11-10.0.26200-SP0",
  "versions": {
   "numpy": "1.26.4",
   "qiskit": "0.46.3",
   "qutip": "5.3.0"
  },
  "seed": 1234,
  "params": {
   "sigmas": [
    0.3,
    0.6
   ],
   "dts": [
    0.1,
    0.05
   ],
   "n_ensemble": 60
  }
 },
 "data": {
  "rows": [
   {
    "dt": 0.1,
    "sigma_tot": 0.3,
    "gap": 0.002169920254524338,
    "nm": 0.45621258344850446,
    "mk": 0.4540426631939801,
    "cis_separated": true,
    "nm_ci": [
     0.45580885121658826,
     0.45630039951154244
    ],
    "mk_ci": [
     0.45128717135098617,
     0.45523301812855593
    ]
   },
   {
    "dt": 0.1,
    "sigma_tot": 0.6,
    "gap": 0.008185470817027918,
    "nm": 0.4551335769102841,
    "mk": 0.4469481060932562,
    "cis_separated": true,
    "nm_ci": [
     0.453451354045348,
     0.45551433375525036
    ],
    "mk_ci": [
     0.4378359328505253,
     0.4514876588326758
    ]
   },
   {
    "dt": 0.05,
    "sigma_tot": 0.3,
    "gap": 0.0030865485833575512,
    "nm": 0.454729180793537,
    "mk": 0.4516426322101795,
    "cis_separated": true,
    "nm_ci": [
     0.4543219416860489,
     0.45481360120243963
    ],
    "mk_ci": [
     0.44891530930546963,
     0.453205251371412
    ]
   },
   {
    "dt": 0.05,
    "sigma_tot": 0.6,
    "gap": 0.012091260366391299,
    "nm": 0.45368857011816277,
    "mk": 0.44159730975177147,
    "cis_separated": true,
    "nm_ci": [
     0.45202941445804107,
     0.4540563176772714
    ],
    "mk_ci": [
     0.432080534702291,
     0.44765977122311135
    ]
   }
  ],
  "grid_stability": {
   "0.3": {
    "gap_dt0.1": 0.002169920254524338,
    "gap_dt0.05": 0.0030865485833575512,
    "abs_change": 0.0009166283288332133
   },
   "0.6": {
    "gap_dt0.1": 0.008185470817027918,
    "gap_dt0.05": 0.012091260366391299,
    "abs_change": 0.003905789549363381
   }
  },
  "n_ensemble": 60,
  "t_max": 9.0,
  "params": {
   "gamma0": 5.0,
   "lam": 1.0
  }
 }
}