{
 "provenance": {
  "timestamp_utc": "2026-07-04T07:28:35.371017+00:00",
  "qmembench_version": "0.1.0",
  "python": "3.12.6",
  "platform": "Windows-11-10.0.26200-SP0",
  "versions": {
   "numpy": "1.26.4",
   "qiskit": "0.46.3",
   "qutip": "5.3.0"
  },
  "seed": 1234,
  "params": {
   "dt": 0.1,
   "shots": 4096,
   "scales": [
    0.0,
    0.5,
    1.0,
    2.0
   ],
   "gamma0": 5.0,
   "lam": 1.0
  }
 },
 "data": {
  "times": [
   0.0,
   0.1,
   0.2,
   0.30000000000000004,
   0.4,
   0.5,
   0.6000000000000001,
   0.7000000000000001,
   0.8,
   0.9,
   1.0,
   1.1,
   1.2000000000000002,
   1.3,
   1.4000000000000001,
   1.5,
   1.6,
   1.7000000000000002,
   1.8,
   1.9000000000000001,
   2.0,
   2.1,
   2.2,
   2.3000000000000003,
   2.4000000000000004,
   2.5,
   2.6,
   2.7,
   2.8000000000000003,
   2.9000000000000004,
   3.0,
   3.1,
   3.2,
   3.3000000000000003,
   3.4000000000000004,
   3.5,
   3.6,
   3.7,
   3.8000000000000003,
   3.9000000000000004,
   4.0,
   4.1000000000000005,
   4.2,
   4.3,
   4.4,
   4.5,
   4.6000000000000005,
   4.7,
   4.800000000000001,
   4.9,
   5.0,
   5.1000000000000005,
   5.2,
   5.300000000000001,
   5.4,
   5.5,
   5.6000000000000005,
   5.7,
   5.800000000000001,
   5.9,
   6.0,
   6.1000000000000005,
   6.2,
   6.300000000000001,
   6.4,
   6.5,
   6.6000000000000005,
   6.7,
   6.800000000000001,
   6.9,
   7.0,
   7.1000000000000005,
   7.2,
   7.300000000000001,
   7.4,
   7.5,
   7.6000000000000005,
   7.7,
   7.800000000000001,
   7.9,
   8.0,
   8.1,
   8.200000000000001,
   8.3,
   8.4,
   8.5,
   8.6,
   8.700000000000001,
   8.8,
   8.9,
   9.0
  ],
  "pair": [
   "+",
   "-"
  ],
  "collision_fit": {
   "theta_s": 0.3920789748668513,
   "theta_m": 3.141592653589793,
   "rmse": 0.056323120983285645,
   "converged": true,
   "n_evals": 119,
   "n_starts": 12,
   "all_trials": [
    {
     "x0": [
      0.3,
      0.3
     ],
     "loss": 0.28867875014181194,
     "x": [
      0.39207989673696697,
      5.1219127333621485e-06
     ]
    },
    {
     "x0": [
      0.3,
      0.8
     ],
     "loss": 0.2886787501145031,
     "x": [
      0.3920790113118531,
      1.648943812585551e-06
     ]
    },
    {
     "x0": [
      0.3,
      1.3
     ],
     "loss": 0.28867875011447186,
     "x": [
      0.39207929962613763,
      2.948404671370643e-06
     ]
    },
    {
     "x0": [
      0.3,
      1.8
     ],
     "loss": 0.28867875014807637,
     "x": [
      0.39207844458101715,
      3.1415890677389564
     ]
    },
    {
     "x0": [
      0.6,
      0.3
     ],
     "loss": 0.2886787501223963,
     "x": [
      0.3920790283585728,
      4.432255970490638e-06
     ]
    },
    {
     "x0": [
      0.6,
      0.8
     ],
     "loss": 0.2886787501156691,
     "x": [
      0.39207920627995996,
      -3.3065314394122063e-06
     ]
    },
    {
     "x0": [
      0.6,
      1.3
     ],
     "loss": 0.288678750117375,
     "x": [
      0.39207887756549253,
      -5.993196605791479e-07
     ]
    },
    {
     "x0": [
      0.6,
      1.8
     ],
     "loss": 0.2886787501242661,
     "x": [
      0.39207909249385453,
      3.1415875565540854
     ]
    },
    {
     "x0": [
      1.0,
      0.3
     ],
     "loss": 0.288678750115053,
     "x": [
      0.3920795240416456,
      1.8762610572770296e-06
     ]
    },
    {
     "x0": [
      1.0,
      0.8
     ],
     "loss": 0.2886787501291722,
     "x": [
      0.3920787229213932,
      -3.2649869505305496e-06
     ]
    },
    {
     "x0": [
      1.0,
      1.3
     ],
     "loss": 0.2886787501187934,
     "x": [
      0.39207903260322585,
      3.5320785708070043e-06
     ]
    },
    {
     "x0": [
      1.0,
      1.8
     ],
     "loss": 0.2886787501141087,
     "x": [
      0.3920789748668513,
      3.1415927654127813
     ]
    }
   ],
   "fitted_pe": [
    1.0,
    0.8539916003212529,
    0.7293016534192545,
    0.6228174861204449,
    0.5318809016800584,
    0.454221822406064,
    0.3879016210173905,
    0.33126472609984947,
    0.28289729357199195,
    0.2415919124640967,
    0.20631746394988598,
    0.17619338121278552,
    0.15046766758791927,
    0.12849812424001347,
    0.10973631875800828,
    0.09371389446951461,
    0.08003087871035779,
    0.06834569818497452,
    0.05836665216805974,
    0.049844630690395256,
    0.04256689593071247,
    0.036351771576577374,
    0.031044107583193942,
    0.026511407115516934,
    0.022640518989348556,
    0.019334813043817487,
    0.01651176793320193,
    0.014100911121408261,
    0.012042059654559192,
    0.010283817795560998,
    0.008782294016643315,
    0.007500005321764988,
    0.006404941547151994,
    0.005469766281816412,
    0.004671134460391626,
    0.003989109593145597,
    0.00340666608530727,
    0.002909264221951693,
    0.002484487208661891,
    0.0021217312073028506,
    0.0018119406291761053,
    0.0015473820775971999,
    0.0013214512967556578,
    0.001128508307662959,
    0.000963736615636919,
    0.0008230229746759606,
    0.0007028547072446815,
    0.0006002320162332112,
    0.0005125931001070522,
    0.00043775020187405365,
    0.00037383499543937456,
    0.00031925194601135974,
    0.00027263848027991535,
    0.00023283097208339924,
    0.00019883569445385506,
    0.00016980401290763534,
    0.00014501120072396218,
    0.00012383834737076285,
    0.00010575690845229699,
    9.031551149420534e-05,
    7.712868819476892e-05,
    6.586725186212963e-05,
    5.6250079826503106e-05,
    4.8037095689233604e-05,
    4.1023276222433764e-05,
    3.503353331161701e-05,
    2.9918343177695727e-05,
    2.5550013769280808e-05,
    2.1819497147058162e-05,
    1.863366728682121e-05,
    1.5912995346126222e-05,
    1.358956436154298e-05,
    1.1605373816782753e-05,
    9.91089175812067e-06,
    8.463818313128187e-06,
    7.2280297460566676e-06,
    6.172676690004552e-06,
    5.271414044762681e-06,
    4.50174331604281e-06,
    3.8444509787029036e-06,
    3.2831288436590993e-06,
    2.8037644552572986e-06,
    2.3943912940690263e-06,
    2.044790053017283e-06,
    1.746233529697209e-06,
    1.4912687665607496e-06,
    1.2735310004643155e-06,
    1.0875847771452468e-06,
    9.287882643193024e-07,
    7.931773762056399e-07,
    6.773668168444668e-07
   ]
  },
  "N_BLP_reference": 0.4814462215449744,
  "N_BLP_pseudomode_exact": 0.4792081534408376,
  "N_BLP_collision_exact": 0.0,