{
 "provenance": {
  "timestamp_utc": "2026-07-05T11:12:21.548125+00:00",
  "qmembench_version": "0.1.0",
  "python": "3.12.6",
  "platform": "Windows-11-10.0.26200-SP0",
  "versions": {
   "numpy": "1.26.4",
   "qiskit": "0.46.3",
   "qutip": "5.3.0"
  },
  "seed": null,
  "params": {
   "scales": [
    0.0,
    0.5,
    1.0,
    2.0
   ],
   "shots": 4096,
   "n_seeds": 50,
   "dt": 0.15
  }
 },
 "data": {
  "rows": [
   {
    "noise_scale": 0.0,
    "true_noisy_N_BLP": 0.46399195394622167,
    "ci_coverage_z1": 1.0,
    "ci_coverage_wilson95": [
     0.9286499658256813,
     1.0
    ],
    "n_seeds": 50,
    "raw_mean": 0.43750790695974895,
    "raw_bias": -0.02648404698647272,
    "raw_std": 0.0026955282324221163,
    "raw_bias_sem": 0.0003812052584050933,
    "debiased_z0.5_mean": 0.40006104263775066,
    "debiased_z0.5_bias": -0.063930911308471,
    "debiased_z0.5_std": 0.004379822185361593,
    "debiased_z0.5_bias_sem": 0.0006194003935320932,
    "debiased_z1.0_mean": 0.38465343473127744,
    "debiased_z1.0_bias": -0.07933851921494423,
    "debiased_z1.0_std": 0.004460261292741096,
    "debiased_z1.0_bias_sem": 0.0006307762011922212,
    "debiased_z2.0_mean": 0.3585732434691936,
    "debiased_z2.0_bias": -0.10541871047702805,
    "debiased_z2.0_std": 0.009251029624484661,
    "debiased_z2.0_bias_sem": 0.0013082931560861489
   },
   {
    "noise_scale": 0.5,
    "true_noisy_N_BLP": 0.26570356838715187,
    "ci_coverage_z1": 0.2,
    "ci_coverage_wilson95": [
     0.11243629945973886,
     0.3303737210448524
    ],
    "n_seeds": 50,
    "raw_mean": 0.30525941632837367,
    "raw_bias": 0.0395558479412218,
    "raw_std": 0.0269903129109241,
    "raw_bias_sem": 0.003817006657132251,
    "readout_mitigated_mean": 0.308955416180138,
    "readout_mitigated_bias": 0.04325184779298613,
    "readout_mitigated_std": 0.02731710444357427,
    "readout_mitigated_bias_sem": 0.003863221958886507,
    "debiased_z0.5_mean": 0.2736607586578157,
    "debiased_z0.5_bias": 0.007957190270663828,
    "debiased_z0.5_std": 0.029630779810517927,
    "debiased_z0.5_bias_sem": 0.004190425067172533,
    "debiased_z1.0_mean": 0.25090131689437994,
    "debiased_z1.0_bias": -0.014802251492771923,
    "debiased_z1.0_std": 0.029528193670309462,
    "debiased_z1.0_bias_sem": 0.004175917196093102,
    "debiased_z2.0_mean": 0.20944242838659616,
    "debiased_z2.0_bias": -0.05626114000055571,
    "debiased_z2.0_std": 0.030330276103438032,
    "debiased_z2.0_bias_sem": 0.0042893487816002655
   },
   {
    "noise_scale": 1.0,
    "true_noisy_N_BLP": 0.15180194805616148,
    "ci_coverage_z1": 0.04,
    "ci_coverage_wilson95": [
     0.011038652660826577,
     0.13460337877954667
    ],
    "n_seeds": 50,
    "raw_mean": 0.20450900329668734,
    "raw_bias": 0.05270705524052585,
    "raw_std": 0.023789816972101502,
    "raw_bias_sem": 0.003364388180831958,
    "readout_mitigated_mean": 0.21036385673109773,
    "readout_mitigated_bias": 0.05856190867493624,
    "readout_mitigated_std": 0.024470891591594088,
    "readout_mitigated_bias_sem": 0.003460706677219409,
    "debiased_z0.5_mean": 0.16702699215089326,
    "debiased_z0.5_bias": 0.015225044094731771,
    "debiased_z0.5_std": 0.023290022327794885,
    "debiased_z0.5_bias_sem": 0.0032937065443939726,
    "debiased_z1.0_mean": 0.14033988620853965,
    "debiased_z1.0_bias": -0.01146206184762183,
    "debiased_z1.0_std": 0.02733405731514487,
    "debiased_z1.0_bias_sem": 0.003865619456976138,
    "debiased_z2.0_mean": 0.10297689787886231,
    "debiased_z2.0_bias": -0.04882505017729917,
    "debiased_z2.0_std": 0.023461521040972943,
    "debiased_z2.0_bias_sem": 0.003317960125004567
   },
   {
    "noise_scale": 2.0,
    "true_noisy_N_BLP": 0.07653902260191224,
    "ci_coverage_z1": 0.0,
    "ci_coverage_wilson95": [
     0.0,
     0.07135003417431873
    ],
    "n_seeds": 50,
    "raw_mean": 0.14083832224603954,
    "raw_bias": 0.0642992996441273,
    "raw_std": 0.020596321997677105,
    "raw_bias_sem": 0.002912759790411828,
    "readout_mitigated_mean": 0.1492558261111974,
    "readout_mitigated_bias": 0.07271680350928515,
    "readout_mitigated_std": 0.0218273052787802,
    "readout_mitigated_bias_sem": 0.0030868471155308806,
    "debiased_z0.5_mean": 0.09585041130088015,
    "debiased_z0.5_bias": 0.01931138869896791,
    "debiased_z0.5_std": 0.019856674066512342,
    "debiased_z0.5_bias_sem": 0.002808157776848387,
    "debiased_z1.0_mean": 0.07321593851811053,
    "debiased_z1.0_bias": -0.0033230840838017056,
    "debiased_z1.0_std": 0.01994319415550995,
    "debiased_z1.0_bias_sem": 0.0028203935651762014,
    "debiased_z2.0_mean": 0.05189834446889716,
    "debiased_z2.0_bias": -0.024640678133015077,
    "debiased_z2.0_std": 0.020989867099230203,
    "debiased_z2.0_bias_sem": 0.0029684154724140166
   }
  ],
  "pair": [
   "+",
   "-"
  ],
  "shots": 4096,
  "seeds": [
   1,
   2,
   3,
   4,
   5,
   6,
   7,
   8,
   9,
   10,
   11,
   12,
   13,
   14,
   15,
   16,
   17,
   18,
   19,
   20,
   21,
   22,
   23,
   24,
   25,
   26,
   27,
   28,
   29,
   30,
   31,
   32,
   33,
   34,
   35,
   36,
   37,
   38,
   39,
   40,
   41,
   42,
   43,
   44,
   45,
   46,
   47,
   48,
   49,
   50
  ],
  "z_values": [
   0.5,
   1.0,
   2.0
  ],
  "params": {
   "gamma0": 5.0,
   "lam": 1.0
  },
  "dt": 0.15,
  "n_seeds": 50
 }
}