{
 "provenance": {
  "timestamp_utc": "2026-07-04T07:55:22.721593+00:00",
  "qmembench_version": "0.1.0",
  "python": "3.12.6",
  "platform": "Windows-11-10.0.26200-SP0",
  "versions": {
   "numpy": "1.26.4",
   "qiskit": "0.46.3",
   "qutip": "5.3.0"
  },
  "seed": 1234,
  "params": {
   "dt": 0.1,
   "M_list": [
    1,
    2,
    3,
    4,
    5
   ],
   "gamma0": 5.0,
   "lam": 1.0
  }
 },
 "data": {
  "times": [
   0.0,
   0.1,
   0.2,
   0.30000000000000004,
   0.4,
   0.5,
   0.6000000000000001,
   0.7000000000000001,
   0.8,
   0.9,
   1.0,
   1.1,
   1.2000000000000002,
   1.3,
   1.4000000000000001,
   1.5,
   1.6,
   1.7000000000000002,
   1.8,
   1.9000000000000001,
   2.0,
   2.1,
   2.2,
   2.3000000000000003,
   2.4000000000000004,
   2.5,
   2.6,
   2.7,
   2.8000000000000003,
   2.9000000000000004,
   3.0,
   3.1,
   3.2,
   3.3000000000000003,
   3.4000000000000004,
   3.5,
   3.6,
   3.7,
   3.8000000000000003,
   3.9000000000000004,
   4.0,
   4.1000000000000005,
   4.2,
   4.3,
   4.4,
   4.5,
   4.6000000000000005,
   4.7,
   4.800000000000001,
   4.9,
   5.0,
   5.1000000000000005,
   5.2,
   5.300000000000001,
   5.4,
   5.5,
   5.6000000000000005,
   5.7,
   5.800000000000001,
   5.9,
   6.0,
   6.1000000000000005,
   6.2,
   6.300000000000001,
   6.4,
   6.5,
   6.6000000000000005,
   6.7,
   6.800000000000001,
   6.9,
   7.0,
   7.1000000000000005,
   7.2,
   7.300000000000001,
   7.4,
   7.5,
   7.6000000000000005,
   7.7,
   7.800000000000001,
   7.9,
   8.0,
   8.1,
   8.200000000000001,
   8.3,
   8.4,
   8.5,
   8.6,
   8.700000000000001,
   8.8,
   8.9,
   9.0
  ],
  "pair": [
   "+",
   "-"
  ],
  "N_BLP_reference": 0.4814462215449744,
  "pseudomode": {
   "n_qubits": 3,
   "depth": 1983,
   "cx": 630,
   "N_BLP": 0.4792081534408376,
   "N_BLP_error": 0.0022380681041367922
  },
  "collision_train": [
   {
    "M": 1,
    "n_qubits": 3,
    "depth": 1983,
    "cx": 630,
    "pop_rmse": 0.0003029302864635394,
    "N_BLP": 0.4847252410781365,
    "N_BLP_error": 0.0032790195331621197,
    "numpy_vs_circuit_dev": 1.2545520178264269e-14,
    "theta_s": 0.15773414018598397,
    "theta_hop": 1.7198398154879562,
    "p_loss": 0.18097717250760637
   },
   {
    "M": 2,
    "n_qubits": 4,
    "depth": 1993,
    "cx": 990,
    "pop_rmse": 9.371391493788983e-05,
    "N_BLP": 0.481164541185594,
    "N_BLP_error": 0.0002816803593804207,
    "numpy_vs_circuit_dev": 3.1086244689504383e-15,
    "theta_s": 0.15553852457127093,
    "theta_hop": 0.3726650755949193,
    "p_loss": 0.9758721248021516
   },
   {
    "M": 3,
    "n_qubits": 5,
    "depth": 2003,
    "cx": 1350,
    "pop_rmse": 0.008143940289085702,
    "N_BLP": 0.5134725493236414,
    "N_BLP_error": 0.032026327778666985,
    "numpy_vs_circuit_dev": 8.215650382226158e-15,
    "theta_s": 0.2602287429263517,
    "theta_hop": 1.4870488970274314,
    "p_loss": 0.41628586932510714
   },
   {
    "M": 4,
    "n_qubits": 6,
    "depth": 2013,
    "cx": 1710,
    "pop_rmse": 0.0037431190497975524,
    "N_BLP": 0.505432101699234,
    "N_BLP_error": 0.02398588015425962,
    "numpy_vs_circuit_dev": 1.2434497875801753e-14,
    "theta_s": 2.937245833838901,
    "theta_hop": 1.210750671761297,
    "p_loss": 0.98
   },
   {
    "M": 5,
    "n_qubits": 7,
    "depth": 2023,
    "cx": 2070,
    "pop_rmse": 0.006527501818851758,
    "N_BLP": 0.5068615095907212,
    "N_BLP_error": 0.025415288045746776,
    "numpy_vs_circuit_dev": 8.670841822322473e-14,
    "theta_s": 2.913479314634686,
    "theta_hop": 1.3234771262688585,
    "p_loss": 0.98
   }
  ],
  "collision_M_to_match_pseudomode": 1,
  "collision_qubits_to_match": 3,
  "best_chain_M": 2,
  "noise_robustness": [
   {
    "noise_scale": 0.0,
    "N_BLP_pseudomode": 0.5213993355255779,
    "N_BLP_chain": 0.4859232639358285
   },
   {
    "noise_scale": 0.5,
    "N_BLP_pseudomode": 0.28858938732271294,
    "N_BLP_chain": 0.30188302763271324
   },
   {
    "noise_scale": 1.0,
    "N_BLP_pseudomode": 0.23094909986802048,
    "N_BLP_chain": 0.21863786474808986
   },
   {
    "noise_scale": 2.0,
    "N_BLP_pseudomode": 0.15128428132340163,
    "N_BLP_chain": 0.17029400733433206
   }
  ],
  "dt": 0.1,
  "t_max": 9.0
 }
}